"Season","Team","G","AB","PA","H","1B","2B","3B","HR","R","RBI","BB","IBB","SO","HBP","SF","SH","GDP","SB","CS","AVG"
"2007","NYY","2366","5717","6528","1656","1097","326","32","201","968","929","637","32","991","78","54","41","138","123","40",".290"
"2006","MIN","2226","5602","6228","1608","1156","275","34","143","801","754","490","46","872","50","55","31","163","101","42",".287"
"2007","DET","2269","5757","6364","1652","1073","352","50","177","887","857","474","45","1054","56","45","31","128","103","30",".287"
"2007","SEA","2338","5684","6209","1629","1170","284","22","153","794","754","389","32","861","62","40","33","154","81","30",".287"
"2009","LAA","2246","5622","6305","1604","1105","293","33","173","883","841","547","32","1054","41","52","43","128","148","63",".285"
"2006","NYY","2430","5651","6455","1608","1050","327","21","210","930","902","649","43","1053","72","49","34","139","139","35",".285"
"2006","TOR","2329","5596","6241","1591","1017","348","27","199","809","778","514","31","906","63","52","16","166","65","33",".284"
"2007","LAA","2230","5554","6198","1578","1108","324","23","123","822","776","507","55","883","40","65","32","146","139","55",".284"
"2009","NYY","2369","5660","6449","1604","1014","325","21","244","915","881","663","35","1014","54","39","31","144","111","28",".283"
"2013","DET","2274","5735","6388","1625","1134","292","23","176","796","767","531","40","1073","43","47","32","147","35","20",".283"
"2008","TEX","2281","5728","6478","1619","1014","376","35","194","901","867","595","43","1207","63","54","37","117","81","25",".283"
"2011","TEX","2186","5659","6261","1599","1047","310","32","210","855","807","475","35","930","39","49","39","135","143","45",".283"
"2016","BOS","2284","5670","6320","1598","1022","343","25","208","878","836","558","34","1160","43","40","8","137","83","24",".282"
"2017","HOU","2313","5611","6271","1581","977","346","20","238","896","854","509","27","1087","70","61","11","139","98","42",".282"
"2008","STL","2396","5636","6370","1585","1102","283","26","174","779","744","577","63","985","42","44","71","150","73","32",".281"
"2006","CLE","2135","5619","6303","1576","1002","351","27","196","870","839","556","42","1204","54","43","30","127","55","23",".280"
"2006","CHW","2286","5657","6318","1586","1039","291","20","236","868","839","502","33","1056","58","57","44","118","93","48",".280"
"2011","BOS","2269","5710","6414","1600","1010","352","35","203","875","842","578","52","1108","50","50","22","136","102","42",".280"
"2008","BOS","2293","5596","6402","1565","1006","353","33","173","845","807","646","49","1068","70","62","28","148","120","35",".280"
"2007","COL","2407","5691","6498","1591","1071","313","36","171","860","823","622","51","1152","58","44","83","140","100","31",".280"
"2007","BOS","2278","5589","6426","1561","1008","352","35","166","867","829","689","54","1042","64","54","30","146","96","24",".279"
"2008","MIN","2287","5641","6331","1572","1114","298","49","111","829","791","529","48","979","36","72","52","144","102","42",".279"
"2008","CHC","2345","5588","6384","1552","1018","329","21","184","855","811","636","48","1186","50","45","65","134","87","34",".278"
"2006","TEX","2227","5659","6273","1571","1008","357","23","183","835","799","505","35","1061","40","50","18","148","53","24",".278"
"2006","BAL","2295","5610","6240","1556","1084","288","20","164","768","727","474","35","878","73","41","40","145","121","32",".277"
"2013","BOS","2264","5651","6382","1566","996","363","29","178","853","819","581","51","1308","72","50","24","137","123","19",".277"
"2011","DET","2309","5563","6231","1540","1040","297","34","169","787","750","521","47","1143","39","58","50","142","49","20",".277"
"2014","DET","2330","5630","6202","1557","1051","325","26","155","757","731","443","51","1144","44","61","24","137","106","41",".277"
"2014","COL","2387","5612","6164","1551","1017","307","41","186","755","721","397","39","1281","48","48","59","121","85","48",".276"
"2010","TEX","2312","5635","6302","1556","1101","268","25","162","787","740","511","37","986","45","54","53","129","123","48",".276"
"2006","LAD","2384","5628","6394","1552","1034","307","58","153","820","787","601","61","959","51","48","66","140","128","49",".276"
"2007","NYM","2335","5605","6344","1543","1045","294","27","177","804","761","549","64","981","54","58","77","114","200","46",".275"
"2011","KCR","2134","5672","6267","1560","1065","325","41","129","730","705","442","37","1006","39","57","55","122","153","58",".275"
"2007","LAD","2417","5614","6282","1544","1104","276","35","129","735","706","511","41","864","41","55","58","116","137","50",".275"
"2016","COL","2369","5614","6236","1544","975","318","47","204","845","805","494","35","1330","40","34","54","113","66","39",".275"
"2007","ATL","2398","5689","6374","1562","1031","328","27","176","810","781","534","43","1149","49","47","55","137","64","30",".275"
"2009","MIN","2315","5608","6346","1539","1056","271","40","172","817","770","585","46","1021","45","57","51","147","85","32",".274"
"2006","LAA","2264","5609","6221","1539","1042","309","29","159","766","737","486","49","914","42","53","31","126","148","57",".274"
"2006","DET","2214","5642","6198","1548","1011","294","40","203","822","785","430","27","1133","45","36","45","120","60","40",".274"
"2012","LAA","2267","5536","6121","1518","1036","273","22","187","767","732","449","29","1113","47","41","47","138","134","33",".274"
"2019","HOU","2309","5613","6394","1538","899","323","28","288","920","891","645","17","1166","66","57","10","146","67","27",".274"
"2007","PHI","2446","5688","6537","1558","978","326","41","213","892","850","641","74","1205","90","52","65","125","138","19",".274"
"2010","KCR","2190","5604","6209","1534","1103","279","31","121","676","640","471","25","905","35","53","45","152","115","50",".274"
"2007","STL","2440","5529","6211","1513","1080","279","13","141","725","690","506","47","909","54","54","68","154","56","33",".274"
"2012","COL","2429","5577","6183","1526","1002","306","52","166","758","716","450","34","1213","36","39","74","132","100","40",".274"
"2011","STL","2403","5532","6242","1513","1021","308","22","162","762","726","542","64","978","44","40","84","169","57","39",".273"
"2010","MIN","2290","5568","6257","1521","1020","318","41","142","781","749","559","45","967","39","53","38","159","68","28",".273"
"2012","TEX","2236","5590","6216","1526","991","303","32","200","808","780","478","44","1103","57","53","36","121","91","44",".273"
"2017","COL","2374","5534","6201","1510","987","293","38","192","824","793","519","46","1408","44","41","62","143","59","34",".273"
"2006","SEA","2259","5670","6213","1540","1060","266","42","172","756","703","404","49","974","63","38","38","117","106","37",".272"
"2010","CIN","2370","5579","6285","1515","1004","293","30","188","790","761","522","34","1218","68","50","66","113","93","43",".272"
"2007","BAL","2348","5631","6264","1529","1051","306","30","142","756","718","500","31","939","47","47","38","139","144","42",".272"
"2012","STL","2391","5622","6326","1526","1040","290","37","159","765","732","533","45","1192","53","49","69","135","91","37",".271"
"2008","NYY","2330","5572","6257","1512","1023","289","20","180","789","758","535","36","1015","80","39","31","150","118","39",".271"
"2007","CHC","2379","5643","6268","1530","1011","340","28","151","752","711","500","48","1054","40","37","48","127","86","33",".271"
"2006","KCR","2272","5589","6229","1515","1019","335","37","124","757","718","474","32","1040","64","48","52","130","65","34",".271"
"2008","DET","2267","5641","6331","1529","995","293","41","200","821","780","572","23","1076","44","44","30","144","63","31",".271"
"2006","ATL","2435","5583","6284","1510","950","312","26","222","849","818","526","48","1169","52","44","78","132","52","35",".270"
"2006","COL","2306","5562","6348","1504","968","325","54","157","813","761","561","64","1108","60","45","119","119","85","50",".270"
"2015","DET","2340","5605","6159","1515","1026","289","49","151","689","660","455","36","1259","41","35","23","152","83","51",".270"
"2009","LAD","2352","5592","6385","1511","1049","278","39","145","780","739","607","76","1068","63","44","78","141","116","48",".270"
"2008","ATL","2407","5604","6368","1514","1035","316","33","130","753","721","618","56","1023","42","34","69","143","58","27",".270"
"2009","NYM","2377","5453","6159","1472","1033","295","49","95","671","631","526","49","928","36","55","88","144","122","44",".270"
"2019","MIN","2320","5732","6392","1547","899","318","23","307","939","906","525","21","1334","81","41","10","101","28","21",".270"
"2013","COL","2330","5599","6152","1511","1033","283","36","159","706","673","427","26","1204","26","35","65","111","112","32",".270"
"2009","BOS","2317","5543","6344","1495","923","335","25","212","872","822","659","39","1120","70","51","19","137","126","39",".270"
"2019","BOS","2455","5770","6475","1554","937","345","27","245","901","857","590","36","1382","49","44","20","127","68","30",".269"
"2012","SFG","2384","5558","6200","1495","1048","287","57","103","718","675","483","44","1097","29","61","69","115","118","39",".269"
"2013","STL","2341","5557","6202","1494","1027","322","20","125","783","745","481","38","1110","64","44","56","155","45","22",".269"
"2006","STL","2359","5522","6225","1484","981","292","27","184","781","745","531","70","922","61","40","71","129","59","32",".269"
"2006","BOS","2346","5619","6435","1510","975","327","16","192","820","777","672","56","1056","66","56","22","136","51","23",".269"
"2008","KCR","2250","5608","6118","1507","1056","303","28","120","691","650","392","31","1005","50","36","32","144","79","38",".269"
"2015","TOR","2337","5509","6231","1480","923","308","17","232","891","852","570","12","1151","54","62","36","140","88","23",".269"
"2015","KCR","2263","5575","6116","1497","1016","300","42","139","724","689","383","28","973","77","47","34","133","104","34",".269"
"2010","DET","2274","5643","6312","1515","1023","308","32","152","751","717","546","50","1147","41","41","41","118","69","30",".268"
"2009","BAL","2281","5618","6233","1508","1022","307","19","160","741","708","517","25","1013","39","46","13","131","76","37",".268"
"2007","CLE","2225","5604","6367","1504","994","305","27","178","811","784","590","56","1202","80","59","32","114","72","41",".268"
"2018","BOS","2345","5623","6302","1509","915","355","31","208","876","829","569","38","1253","55","48","7","130","125","31",".268"
"2008","LAA","2229","5540","6155","1486","1028","274","25","159","765","721","481","52","987","52","50","32","140","129","48",".268"
"2007","TBD","2229","5593","6280","1500","986","291","36","187","782","750","545","31","1324","53","52","34","119","131","48",".268"
"2009","FLA","2394","5572","6312","1493","1013","296","25","159","772","727","568","46","1226","63","39","70","110","75","35",".268"
"2012","DET","2248","5476","6119","1467","986","279","39","163","726","698","511","46","1103","57","39","36","156","59","23",".268"
"2006","CHC","2399","5587","6147","1496","1013","271","46","166","716","677","395","24","928","43","37","84","135","121","49",".268"
"2010","BOS","2327","5646","6356","1511","920","358","22","211","818","782","587","43","1140","47","46","29","131","68","17",".268"
"2010","CHW","2212","5484","6118","1467","1006","263","21","177","752","710","467","23","922","79","38","50","148","160","74",".268"
"2019","NYY","2312","5583","6245","1493","880","290","17","306","943","904","569","18","1437","49","33","10","113","55","22",".267"
"2008","BAL","2340","5559","6211","1486","962","322","30","172","782","750","533","37","990","42","48","27","111","81","37",".267"
"2007","FLA","2423","5627","6344","1504","925","340","38","201","790","749","521","46","1332","82","42","72","107","105","34",".267"
"2017","MIA","2399","5602","6248","1497","1001","271","31","194","778","743","486","48","1282","67","41","50","119","91","30",".267"
"2016","DET","2295","5526","6127","1476","983","252","30","211","750","719","493","32","1303","53","38","17","135","58","29",".267"
"2015","SFG","2342","5565","6153","1486","1023","288","39","136","696","663","457","30","1159","49","37","45","142","93","36",".267"
"2006","PHI","2410","5687","6509","1518","967","294","41","216","865","823","626","67","1203","95","44","57","115","92","25",".267"
"2007","CIN","2383","5607","6332","1496","976","293","23","204","783","747","536","51","1113","66","46","73","140","97","31",".267"
"2006","ARI","2282","5645","6330","1506","977","331","38","160","773","743","504","47","965","67","53","61","136","76","30",".267"
"2010","NYY","2313","5567","6379","1485","977","275","32","201","859","823","662","36","1136","73","44","33","124","103","30",".267"
"2009","TOR","2202","5696","6362","1516","955","339","13","209","798","766","548","23","1028","45","49","24","130","73","23",".266"
"2017","WSN","2322","5553","6214","1477","920","311","31","215","819","796","542","56","1327","31","45","43","116","108","30",".266"
"2008","NYM","2405","5606","6388","1491","1007","274","38","172","799","751","619","71","1024","39","49","73","129","138","36",".266"
"2014","LAD","2364","5560","6231","1476","1002","302","38","134","718","686","519","30","1246","61","43","47","119","138","50",".265"
"2008","SEA","2296","5643","6176","1498","1069","285","20","124","671","631","417","44","890","38","42","36","137","90","32",".265"
"2015","COL","2436","5572","6071","1479","970","274","49","186","737","702","388","47","1283","33","34","44","114","97","43",".265"
"2019","COL","2452","5660","6288","1502","914","323","41","224","835","803","489","25","1503","43","43","51","111","71","31",".265"
"2015","BOS","2268","5640","6237","1495","1007","294","33","161","748","706","478","28","1148","46","42","30","127","71","27",".265"
"2019","WSN","2327","5512","6267","1460","904","298","27","231","873","824","584","33","1308","81","42","48","117","116","29",".265"
"2012","KCR","2249","5636","6149","1492","1029","295","37","131","676","643","404","35","1032","42","41","26","130","132","38",".265"
"2012","NYY","2367","5524","6231","1462","924","280","13","245","804","774","565","31","1176","62","49","31","136","93","27",".265"
"2019","PIT","2441","5657","6228","1497","981","315","38","163","758","722","425","41","1213","63","34","47","119","64","29",".265"
"2015","ARI","2393","5649","6276","1494","1003","289","48","154","720","680","490","40","1312","33","57","46","134","132","44",".264"
"2007","MIN","2259","5522","6161","1460","1033","273","36","118","718","671","512","41","839","48","45","34","149","112","30",".264"
"2006","NYM","2279","5558","6291","1469","905","323","41","200","834","800","547","63","1071","62","47","77","114","146","35",".264"
"2006","FLA","2354","5502","6191","1454","921","309","42","182","758","713","497","55","1249","74","42","76","109","110","58",".264"
"2008","LAD","2376","5506","6194","1455","1018","271","29","137","700","659","543","62","1032","43","38","64","153","126","43",".264"
"2013","LAA","2311","5588","6260","1476","1003","270","39","164","733","696","523","40","1221","48","64","37","150","82","34",".264"
"2008","TOR","2244","5503","6191","1453","992","303","32","126","714","681","521","34","938","59","56","48","150","80","27",".264"
"2011","NYM","2383","5600","6335","1477","1021","309","39","108","718","676","571","56","1085","51","48","65","112","130","35",".264"
"2009","CLE","2188","5568","6320","1468","965","314","28","161","773","730","582","20","1211","81","50","39","140","84","31",".264"
"2013","LAD","2336","5491","6145","1447","1011","281","17","138","649","618","476","45","1146","57","48","71","130","78","28",".264"
"2009","ATL","2335","5539","6335","1459","990","300","20","149","735","700","602","54","1064","52","47","95","142","58","26",".263"
"2016","MIA","2460","5547","6133","1460","1031","259","42","128","655","626","447","40","1213","54","38","46","140","71","28",".263"
"2011","NYY","2301","5518","6306","1452","930","267","33","222","867","836","627","34","1138","74","51","36","146","147","46",".263"
"2008","COL","2310","5557","6312","1462","964","310","28","160","747","714","570","36","1209","57","38","90","119","141","37",".263"
"2006","PIT","2325","5558","6218","1462","1018","286","17","141","691","656","459","49","1200","89","49","62","153","68","23",".263"
"2017","CLE","2367","5511","6234","1449","875","333","29","212","818","780","604","30","1153","50","45","23","125","88","23",".263"
"2007","TEX","2313","5555","6214","1460","947","298","36","179","816","768","503","27","1224","56","42","57","129","88","25",".263"
"2009","STL","2358","5465","6168","1436","953","294","29","160","730","694","528","73","1041","61","43","68","128","75","31",".263"
"2006","SDP","2396","5576","6287","1465","968","298","38","161","731","698","564","37","1104","40","47","59","127","123","31",".263"
"2010","STL","2347","5542","6241","1456","1003","285","18","150","736","689","541","78","1027","50","40","66","124","79","41",".263"
"2017","ATL","2374","5584","6216","1467","987","289","26","165","732","706","474","57","1184","66","32","59","137","77","31",".263"
"2007","PIT","2304","5569","6214","1463","962","322","31","148","724","694","463","31","1135","71","51","60","130","68","30",".263"
"2008","HOU","2312","5451","6051","1432","959","284","22","167","712","684","449","42","1051","52","41","57","116","114","52",".263"
"2009","MIL","2321","5510","6296","1447","947","281","37","182","785","757","610","44","1231","71","47","58","129","68","37",".263"
"2014","KCR","2273","5545","6058","1456","1046","286","29","95","651","604","380","22","985","53","47","33","131","153","36",".263"
"2010","COL","2379","5530","6265","1452","955","270","54","173","770","741","585","53","1274","47","47","56","103","99","42",".263"
"2008","CHW","2298","5553","6231","1458","914","296","13","235","811","785","540","33","1016","63","47","28","158","67","34",".263"
"2009","TBR","2345","5462","6223","1434","902","297","36","199","803","765","642","36","1229","49","45","25","104","194","61",".263"
"2008","CLE","2199","5543","6299","1455","923","339","22","171","805","772","560","44","1213","103","49","43","123","77","29",".262"
"2010","MIL","2262","5606","6304","1471","963","293","33","182","750","710","546","35","1216","81","35","35","116","81","26",".262"
"2013","TEX","2321","5585","6196","1465","1004","262","23","176","730","691","462","26","1067","61","42","45","125","149","46",".262"
"2009","OAK","2306","5584","6247","1464","1001","307","21","135","759","723","527","16","1046","50","54","31","130","133","48",".262"
"2007","MIL","2330","5554","6238","1455","877","310","37","231","801","774","501","60","1137","76","47","60","112","96","32",".262"
"2008","SFG","2382","5543","6145","1452","1010","311","37","94","640","606","452","45","1044","48","44","57","139","108","46",".262"
"2016","TEX","2324","5525","6089","1446","951","257","23","215","765","746","436","23","1220","70","40","18","114","99","36",".262"
"2016","CLE","2366","5484","6155","1435","913","308","29","185","777","733","531","16","1246","49","60","31","137","134","31",".262"
"2017","NYY","2294","5594","6354","1463","933","266","23","241","858","821","616","22","1386","64","56","18","119","90","22",".262"
"2006","WSN","2430","5495","6283","1437","929","322","22","164","746","695","594","66","1156","69","49","76","119","123","62",".262"
"2007","KCR","2294","5534","6140","1447","999","300","46","102","706","660","428","34","1069","89","47","41","151","78","44",".261"
"2012","WSN","2338","5615","6221","1468","948","301","25","194","731","688","479","43","1325","41","36","50","111","105","35",".261"
"2016","KCR","2244","5552","6052","1450","1006","264","33","147","675","640","382","23","1224","45","34","38","134","121","35",".261"
"2016","ARI","2399","5665","6260","1479","948","285","56","190","752","709","463","43","1427","50","38","43","117","137","31",".261"
"2011","MIL","2292","5447","6113","1422","930","276","31","185","721","693","481","53","1083","56","44","85","114","94","31",".261"
"2019","CHW","2311","5529","6042","1443","981","260","20","182","708","676","378","13","1549","66","32","36","114","63","28",".261"
"2009","COL","2352","5398","6241","1408","868","300","50","190","804","760","660","40","1277","47","60","76","112","106","55",".261"
"2009","DET","2350","5540","6234","1443","980","245","35","183","743","718","540","30","1114","61","39","53","131","72","33",".260"
"2013","SFG","2396","5552","6168","1446","1024","280","35","107","629","596","469","40","1078","39","42","66","131","67","26",".260"
"2008","TBR","2299","5541","6312","1443","942","284","37","180","774","735","626","33","1224","68","52","23","111","142","50",".260"
"2012","BOS","2317","5604","6166","1459","939","339","16","165","734","695","428","27","1197","45","55","34","105","97","31",".260"
"2012","MIN","2271","5562","6209","1448","1017","270","30","131","701","666","505","28","1069","53","56","33","149","135","37",".260"
"2009","HOU","2340","5436","6040","1415","971","270","32","142","643","616","448","37","990","43","45","66","153","113","44",".260"
"2013","KCR","2236","5549","6093","1443","1043","254","34","112","648","620","422","38","1048","42","42","37","131","153","32",".260"
"2017","BAL","2351","5650","6140","1469","956","269","12","232","743","713","392","12","1412","50","37","10","138","32","13",".260"
"2010","PHI","2277","5581","6291","1451","961","290","34","166","772","736","560","69","1064","63","43","44","121","108","21",".260"
"2007","HOU","2409","5605","6324","1457","967","293","30","167","723","700","547","40","1043","55","40","77","142","65","33",".260"
"2015","MIA","2297","5463","5988","1420","1024","236","40","120","613","575","375","30","1150","39","40","71","133","112","45",".260"
"2009","TEX","2158","5526","6127","1436","889","296","27","224","784","748","472","23","1253","37","51","40","97","149","36",".260"
"2017","MIN","2324","5557","6261","1444","921","286","31","206","815","781","593","26","1342","46","39","26","105","95","28",".260"
"2006","OAK","2197","5500","6281","1429","966","266","22","175","771","735","650","28","976","50","56","25","170","61","20",".260"
"2013","BAL","2246","5620","6144","1460","936","298","14","212","745","719","416","36","1125","36","45","27","105","79","29",".260"
"2015","PIT","2431","5631","6285","1462","1003","292","27","140","697","661","461","46","1322","89","41","63","115","98","45",".260"
"2016","LAA","2419","5431","6041","1410","955","279","20","156","717","686","471","21","991","51","49","36","147","73","34",".260"
"2012","MIL","2415","5557","6224","1442","901","300","39","202","776","741","466","35","1240","90","35","76","111","158","39",".259"
"2014","PIT","2362","5536","6224","1436","975","275","30","156","682","659","520","46","1244","78","35","54","127","104","47",".259"
"2017","KCR","2342","5536","6027","1436","959","260","24","193","702","660","390","19","1166","45","37","17","160","91","31",".259"
"2010","BAL","2240","5554","6109","1440","1022","264","21","133","613","577","424","32","1056","54","45","31","154","76","34",".259"
"2012","ARI","2213","5462","6150","1416","911","307","33","165","734","710","539","47","1266","41","45","61","108","93","51",".259"
"2006","SFG","2313","5472","6136","1418","906","297","52","163","746","711","494","76","891","53","37","80","136","58","25",".259"
"2007","TOR","2308","5536","6197","1434","901","344","24","165","753","719","533","32","1044","47","48","33","127","57","22",".259"
"2014","LAA","2468","5652","6284","1464","974","304","31","155","773","729","492","42","1266","60","54","26","112","81","39",".259"
"2016","SEA","2371","5583","6227","1446","955","251","17","223","768","735","506","29","1288","72","41","24","138","56","28",".259"
"2009","KCR","2247","5532","6103","1432","961","276","51","144","686","657","457","20","1091","42","32","38","136","88","29",".259"
"2017","SEA","2323","5551","6166","1436","938","281","17","200","750","714","487","31","1267","78","35","14","131","89","35",".259"
"2013","ARI","2349","5676","6334","1468","1005","302","31","130","685","647","519","51","1142","43","43","50","160","62","41",".259"
"2018","CLE","2413","5595","6300","1447","915","297","19","216","818","786","554","32","1189","80","44","25","98","135","36",".259"
"2014","TOR","2397","5549","6167","1435","952","282","24","177","723","690","502","27","1151","41","40","35","128","78","21",".259"
"2018","TBR","2371","5475","6195","1415","948","274","43","150","716","664","540","17","1388","101","50","28","122","128","51",".258"
"2018","CHC","2490","5624","6369","1453","966","286","34","167","761","722","576","67","1388","78","46","40","107","66","38",".258"
"2008","PIT","2340","5628","6278","1454","966","314","21","153","735","705","474","40","1039","59","51","66","111","57","19",".258"
"2010","ATL","2376","5463","6252","1411","935","312","25","139","738","699","634","50","1140","51","35","69","136","63","29",".258"
"2017","DET","2336","5556","6150","1435","924","289","35","187","735","699","503","21","1313","52","27","11","128","65","34",".258"
"2016","SFG","2404","5565","6271","1437","973","280","54","130","715","675","572","43","1107","42","46","42","120","79","36",".258"
"2009","CHW","2241","5463","6132","1410","960","246","20","184","724","695","534","25","1022","62","39","34","139","113","49",".258"
"2009","SEA","2150","5543","6113","1430","971","280","19","160","640","613","421","39","1093","49","44","56","124","89","33",".258"
"2009","PHI","2285","5578","6338","1439","868","312","35","224","820","788","589","47","1155","71","45","55","90","119","28",".258"
"2009","WSN","2401","5493","6273","1416","951","271","38","156","710","685","617","39","1208","56","42","64","133","73","40",".258"
"2011","COL","2348","5544","6275","1429","952","274","40","163","735","697","555","54","1201","57","44","75","112","118","42",".258"
"2017","BOS","2334","5669","6338","1461","972","302","19","168","785","735","571","48","1224","53","36","9","141","106","31",".258"
"2006","MIL","2206","5433","6130","1400","899","301","20","180","730","695","502","48","1233","82","53","58","134","71","37",".258"
"2011","HOU","2377","5598","6150","1442","1010","309","28","95","615","579","401","34","1164","46","37","66","111","118","33",".258"
"2019","ATL","2411","5560","6302","1432","877","277","29","249","855","824","619","39","1467","60","35","25","104","89","28",".258"
"2015","TEX","2358","5511","6187","1419","936","279","32","172","751","707","503","32","1233","76","54","43","99","101","39",".257"
"2019","LAD","2413","5493","6281","1414","813","302","20","279","886","861","607","47","1356","81","45","55","100","57","10",".257"
"2016","PIT","2458","5542","6261","1426","964","277","32","153","729","696","561","39","1334","81","36","41","133","110","45",".257"
"2006","CIN","2335","5515","6296","1419","899","291","12","217","749","718","614","52","1192","59","38","66","122","124","33",".257"
"2016","CHW","2217","5550","6131","1428","950","277","33","168","686","656","455","16","1285","53","44","29","122","77","36",".257"
"2010","SFG","2354","5488","6143","1411","935","284","30","162","697","660","487","53","1099","50","41","76","159","55","32",".257"
"2019","NYM","2445","5624","6290","1445","906","280","17","242","791","767","516","34","1384","95","27","28","129","56","27",".257"
"2009","SFG","2304","5493","6057","1411","971","275","43","122","657","612","392","41","1158","50","55","67","115","78","28",".257"
"2011","BAL","2262","5585","6156","1434","957","273","13","191","708","684","452","24","1120","52","43","24","154","81","25",".257"
"2018","ATL","2377","5582","6251","1433","915","314","29","175","759","717","511","53","1290","66","43","49","99","90","36",".257"
"2011","LAD","2304","5436","6094","1395","1013","237","28","117","644","613","498","61","1087","45","43","71","101","126","40",".257"
"2013","TBR","2423","5538","6242","1421","937","296","23","165","700","670","589","31","1171","36","55","24","140","73","38",".257"
"2010","CHC","2307","5512","6140","1414","940","298","27","149","685","658","479","32","1236","50","38","60","124","55","31",".257"
"2015","CLE","2285","5439","6109","1395","922","303","29","141","669","640","533","34","1157","39","50","47","134","86","28",".256"
"2011","CHC","2373","5549","6130","1423","954","285","36","148","654","610","425","35","1202","59","35","60","123","69","23",".256"
"2007","OAK","2220","5577","6365","1430","948","295","16","171","741","711","664","29","1119","49","56","18","142","52","20",".256"
"2014","TEX","2264","5460","6026","1400","1001","260","28","111","637","597","417","37","1162","61","45","41","148","105","59",".256"
"2007","WSN","2528","5520","6201","1415","952","309","31","123","673","646","524","38","1128","53","41","63","143","69","23",".256"
"2017","STL","2416","5470","6219","1402","894","284","28","196","761","728","593","36","1348","65","44","47","139","81","31",".256"
"2014","BAL","2294","5596","6130","1434","943","264","16","211","705","681","401","29","1285","62","36","35","112","44","20",".256"
"2010","OAK","2255","5448","6117","1396","981","276","30","109","663","619","527","16","1061","47","51","43","129","156","38",".256"
"2011","CIN","2358","5612","6329","1438","972","264","19","183","735","697","535","52","1250","63","40","78","98","97","50",".256"
"2017","CHW","2289","5513","6059","1412","933","256","37","186","706","670","401","17","1397","76","33","35","124","71","31",".256"
"2016","CHC","2332","5503","6335","1409","887","293","30","199","808","767","656","45","1339","96","37","42","108","66","34",".256"
"2018","COL","2368","5541","6178","1418","886","280","42","210","780","748","507","38","1397","51","37","42","114","95","33",".256"
"2016","BAL","2257","5524","6089","1413","889","265","6","253","744","710","468","19","1324","44","36","17","119","19","13",".256"
"2016","CIN","2287","5487","6094","1403","929","277","33","164","716","678","452","37","1284","52","44","58","129","139","51",".256"
"2016","WSN","2302","5490","6201","1403","903","268","29","203","763","735","536","49","1252","64","63","48","102","121","39",".256"
"2008","PHI","2396","5509","6273","1407","866","291","36","214","799","762","586","68","1117","67","40","71","108","136","25",".255"
"2012","CHW","2277","5518","6111","1409","941","228","29","211","748","726","461","24","1203","65","36","31","113","109","43",".255"
"2016","STL","2400","5548","6223","1416","859","300","32","225","779","745","526","28","1318","70","41","37","117","35","26",".255"
"2017","CHC","2420","5496","6283","1402","876","274","29","223","822","785","622","54","1401","82","32","48","134","62","31",".255"
"2012","PHI","2294","5544","6172","1414","957","271","28","158","684","659","454","41","1094","63","39","72","115","116","23",".255"
"2018","HOU","2348","5453","6146","1390","889","278","18","205","797","763","565","19","1197","61","45","14","156","71","26",".255"
"2006","HOU","2393","5521","6326","1407","931","275","27","174","735","708","585","54","1076","73","46","100","122","79","36",".255"
"2006","TBD","2247","5474","6041","1395","905","267","33","190","689","650","441","23","1106","47","43","35","101","134","52",".255"
"2009","CHC","2343","5486","6244","1398","915","293","29","161","707","678","592","44","1185","59","42","65","134","56","34",".255"
"2014","SFG","2353","5523","6087","1407","976","257","42","132","665","636","427","37","1245","43","49","45","113","56","27",".255"
"2016","ATL","2390","5514","6192","1404","960","295","27","122","649","615","502","60","1240","59","52","64","145","75","34",".255"
"2013","CLE","2337","5465","6165","1391","907","290","23","171","745","711","562","19","1283","51","56","31","106","117","36",".255"
"2018","SEA","2373","5513","6087","1402","938","256","32","176","677","644","430","17","1221","70","41","29","128","79","37",".254"
"2017","ARI","2360","5525","6224","1405","832","314","39","220","812","776","578","44","1456","54","27","39","106","103","30",".254"
"2018","WSN","2441","5517","6288","1402","902","284","25","191","771","737","631","56","1289","59","40","41","104","119","33",".254"
"2013","OAK","2313","5521","6209","1403","891","301","25","186","767","725","573","29","1178","45","49","21","108","74","28",".254"
"2007","SFG","2371","5538","6213","1407","972","267","37","131","683","641","532","74","907","39","36","67","142","119","33",".254"
"2008","FLA","2361","5499","6206","1397","859","302","28","208","770","741","543","50","1371","69","46","49","98","76","28",".254"
"2018","CIN","2402","5532","6240","1404","956","251","25","172","696","665","559","35","1376","65","35","49","128","77","33",".254"
"2010","FLA","2300","5531","6194","1403","920","294","37","152","719","686","514","42","1375","55","43","51","108","92","26",".254"
"2014","MIN","2292","5567","6233","1412","941","316","27","128","715","675","544","29","1329","53","44","25","97","99","36",".254"
"2019","TBR","2459","5628","6285","1427","890","291","29","217","769","730","542","20","1493","73","34","8","114","94","37",".254"
"2018","PIT","2293","5447","6066","1381","896","290","38","157","692","665","474","38","1229","59","52","31","121","70","38",".254"
"2017","CIN","2321","5484","6213","1390","884","249","38","219","753","715","565","41","1329","72","42","50","116","120","39",".253"
"2014","WSN","2265","5542","6216","1403","959","265","27","152","686","635","517","29","1304","56","41","60","115","101","23",".253"
"2014","CLE","2391","5575","6222","1411","962","284","23","142","669","644","504","24","1189","42","49","51","126","104","27",".253"
"2009","ARI","2301","5565","6269","1408","883","307","45","173","720","686","571","47","1298","37","41","54","94","102","40",".253"
"2011","LAA","2187","5513","6088","1394","916","289","34","155","667","629","442","33","1086","51","32","50","126","135","52",".253"
"2015","STL","2406","5484","6139","1386","922","288","39","137","647","619","506","47","1267","66","42","39","128","69","38",".253"
"2014","STL","2324","5426","6086","1371","970","275","21","105","619","585","471","28","1133","86","39","64","140","57","32",".253"
"2014","MIA","2311","5538","6185","1399","987","254","36","122","645","614","501","49","1419","35","39","71","143","58","21",".253"
"2008","MIL","2227","5535","6252","1398","841","324","35","198","750","722","550","44","1203","69","43","54","97","108","38",".253"
"2014","CHW","2285","5543","6077","1400","934","279","32","155","660","625","417","33","1362","60","38","19","127","85","36",".253"
"2011","PHI","2203","5579","6279","1409","960","258","38","153","713","693","539","52","1024","56","38","65","108","96","24",".253"
"2013","TOR","2314","5537","6152","1398","916","273","24","185","712","669","510","19","1123","38","38","29","133","112","41",".252"
"2019","CHC","2429","5461","6195","1378","826","270","26","256","814","783","581","33","1460","83","39","30","127","45","24",".252"
"2016","NYY","2308","5458","6058","1377","929","245","20","183","680","647","475","19","1188","42","49","21","121","72","22",".252"
"2013","MIL","2335","5474","6064","1381","943","238","43","157","640","610","407","22","1183","71","35","77","116","142","50",".252"
"2018","MIL","2496","5542","6210","1398","904","252","24","218","754","711","537","32","1458","58","41","29","128","124","32",".252"
"2018","OAK","2403","5579","6255","1407","838","322","20","227","813","778","550","18","1381","76","44","6","136","35","21",".252"
"2015","TBR","2479","5485","6071","1383","906","278","32","167","644","612","436","22","1310","84","47","19","121","87","45",".252"
"2010","LAD","2310","5426","6140","1368","949","270","29","120","667","621","533","57","1184","46","50","85","123","92","50",".252"
"2011","CHW","2206","5502","6159","1387","965","252","16","154","654","625","475","31","989","84","46","52","125","81","53",".252"
"2019","ARI","2418","5633","6315","1419","871","288","40","220","813","778","540","36","1360","70","40","31","120","88","14",".252"
"2009","PIT","2195","5417","6058","1364","916","289","34","125","636","612","499","44","1142","46","36","60","124","90","32",".252"
"2012","LAD","2356","5438","6091","1369","961","269","23","116","637","607","481","49","1156","52","38","82","139","104","44",".252"
"2015","MIL","2377","5480","6024","1378","925","274","34","145","655","624","412","35","1299","41","34","55","130","84","29",".251"
"2012","CIN","2211","5477","6115","1377","879","296","30","172","669","636","481","54","1266","47","37","73","100","87","27",".251"
"2015","ATL","2340","5420","6034","1361","992","251","18","100","573","548","471","39","1107","44","31","67","148","69","33",".251"
"2015","WSN","2245","5428","6117","1363","908","265","13","177","703","665","539","38","1344","44","51","55","129","57","23",".251"
"2013","WSN","2241","5436","6047","1365","918","259","27","161","656","621","464","35","1192","40","39","68","115","88","28",".251"
"2015","NYY","2401","5567","6268","1397","894","272","19","212","764","737","554","23","1227","63","54","24","105","63","25",".251"
"2015","OAK","2349","5600","6171","1405","936","277","46","146","694","661","475","21","1119","40","38","14","124","78","29",".251"
"2007","SDP","2334","5612","6326","1408","884","322","31","171","741","704","557","45","1229","49","44","64","113","55","24",".251"
"2016","MIN","2290","5618","6245","1409","886","288","35","200","722","690","513","24","1426","44","43","27","96","91","32",".251"
"2012","CLE","2339","5525","6195","1385","959","266","24","136","667","635","555","28","1087","59","39","17","142","110","44",".251"
"2008","WSN","2397","5491","6192","1376","964","269","26","117","641","608","534","21","1095","67","36","64","153","81","43",".251"
"2008","ARI","2280","5409","6156","1355","831","318","47","159","720","683","587","49","1287","49","43","68","105","58","23",".251"
"2011","CLE","2287","5509","6142","1380","910","290","26","154","704","671","494","30","1269","65","43","31","111","89","42",".250"
"2011","ARI","2230","5421","6096","1357","855","293","37","172","731","702","531","55","1249","61","33","50","82","133","55",".250"
"2017","NYM","2396","5510","6169","1379","841","286","28","224","735","713","529","31","1291","57","37","36","118","58","23",".250"
"2018","LAD","2574","5572","6358","1394","830","296","33","235","804","756","647","47","1436","61","39","39","119","75","24",".250"
"2007","ARI","2305","5398","6101","1350","853","286","40","171","712","687","532","38","1111","57","58","55","121","109","24",".250"
"2010","WSN","2410","5418","6100","1355","925","250","31","149","655","634","503","36","1220","60","47","71","125","110","41",".250"
"2014","MIL","2327","5462","6065","1366","891","297","28","150","650","617","423","32","1197","73","37","70","137","102","43",".250"
"2015","LAD","2379","5385","6090","1346","870","263","26","187","667","638","563","31","1258","60","30","49","135","59","34",".250"
"2015","BAL","2249","5485","6007","1370","887","246","20","217","713","686","418","23","1331","51","32","20","127","44","25",".250"
"2017","PHI","2308","5535","6133","1382","885","287","36","174","690","654","494","25","1417","47","36","21","128","59","25",".250"
"2015","HOU","2333","5459","6073","1363","829","278","26","230","729","691","486","22","1392","56","43","28","102","121","48",".250"
"2008","SDP","2343","5568","6244","1390","945","264","27","154","637","615","518","35","1259","53","46","59","129","36","17",".250"
"2015","CHW","2265","5533","6070","1381","958","260","27","136","622","595","404","22","1231","65","37","30","125","68","42",".250"
"2010","ARI","2271","5473","6183","1366","851","301","34","180","713","691","589","45","1529","39","41","41","115","86","41",".250"
"2019","CLE","2321","5425","6124","1354","827","286","18","223","769","731","563","30","1332","50","46","40","110","103","35",".250"
"2018","MIN","2351","5526","6154","1379","874","317","22","166","738","704","534","25","1328","37","38","19","89","47","27",".250"
"2017","MIL","2423","5467","6135","1363","850","267","22","224","732","695","547","34","1571","53","26","42","116","128","41",".249"
"2016","LAD","2491","5518","6164","1375","893","272","21","189","725","680","525","31","1321","58","32","30","120","45","26",".249"
"2018","NYY","2269","5515","6271","1374","815","269","23","267","851","821","625","21","1421","62","59","10","107","63","21",".249"
"2013","CIN","2286","5499","6293","1370","921","274","20","155","698","664","585","65","1245","76","46","85","129","67","35",".249"
"2017","LAD","2464","5408","6191","1347","794","312","20","221","770","730","649","41","1380","64","38","31","119","77","28",".249"
"2010","NYM","2348","5465","6144","1361","927","266","40","128","656","625","502","53","1095","46","57","74","101","130","44",".249"
"2018","STL","2464","5498","6200","1369","907","248","9","205","759","725","525","40","1380","80","48","46","92","63","32",".249"
"2012","NYM","2420","5450","6091","1357","911","286","21","139","650","625","503","43","1250","42","30","64","118","79","38",".249"
"2013","CHW","2279","5563","6077","1385","981","237","19","148","598","574","411","23","1207","34","48","19","124","105","42",".249"
"2011","TOR","2265","5559","6210","1384","879","285","34","186","743","704","525","41","1184","48","47","31","108","131","52",".249"
"2017","SFG","2372","5551","6137","1382","936","290","28","128","639","612","467","37","1204","36","52","31","136","76","34",".249"
"2019","OAK","2363","5561","6269","1384","812","292","23","257","845","800","578","17","1338","87","36","7","140","49","21",".249"
"2013","ATL","2293","5441","6133","1354","905","247","21","181","688","656","542","36","1384","55","35","58","120","64","31",".249"
"2015","SEA","2407","5544","6131","1379","897","262","22","198","656","624","478","31","1336","36","35","38","123","69","45",".249"
"2015","PHI","2321","5529","6053","1374","935","272","37","130","626","586","387","20","1274","54","29","53","119","88","32",".249"
"2014","ARI","2274","5552","6089","1379","955","259","47","118","615","573","398","31","1165","43","36","56","115","86","33",".248"
"2010","LAA","2236","5488","6089","1363","913","276","19","155","681","656","466","28","1070","52","37","42","125","104","52",".248"
"2013","PHI","2310","5456","6014","1355","928","255","32","140","610","578","417","41","1205","53","31","57","132","73","29",".248"
"2010","TOR","2206","5495","6072","1364","767","319","21","257","755","732","471","25","1164","55","34","16","114","58","20",".248"
"2010","CLE","2255","5487","6165","1362","924","290","20","128","646","601","545","34","1184","64","33","36","118","91","33",".248"
"2015","CIN","2337","5571","6196","1382","931","257","27","167","640","613","496","38","1255","42","40","47","112","134","38",".248"
"2019","TEX","2273","5540","6204","1374","831","296","24","223","810","765","534","18","1578","67","44","17","98","131","38",".248"
"2016","TOR","2349","5479","6233","1358","843","276","18","221","759","728","632","16","1362","55","40","26","153","54","24",".248"
"2011","MIN","2269","5487","6020","1357","970","259","25","103","619","572","440","24","1048","37","25","31","115","92","39",".247"
"2012","BAL","2282","5560","6160","1375","875","270","16","214","712","677","480","24","1315","50","30","38","152","58","29",".247"
"2010","HOU","2358","5452","6005","1348","963","252","25","108","611","577","415","27","1025","33","29","75","130","100","36",".247"
"2008","CIN","2392","5465","6188","1351","871","269","24","187","704","677","560","50","1125","50","41","72","101","85","47",".247"
"2012","ATL","2264","5425","6126","1341","899","263","30","149","700","660","567","37","1289","34","46","53","109","101","32",".247"
"2009","CIN","2314","5462","6187","1349","886","280","25","158","673","637","531","37","1129","53","41","100","103","96","40",".247"
"2012","SDP","2384","5422","6112","1339","903","272","43","121","651","610","539","36","1238","54","34","63","100","155","46",".247"
"2010","TBR","2361","5439","6270","1343","851","295","37","160","802","769","672","30","1292","57","57","39","92","172","47",".247"
"2019","LAA","2425","5542","6251","1368","859","268","21","220","769","734","586","29","1276","67","42","4","143","65","20",".247"
"2015","MIN","2311","5467","6017","1349","872","277","44","156","696","661","439","31","1264","40","41","30","133","70","38",".247"
"2014","TBR","2352","5516","6205","1361","957","263","24","117","612","586","527","31","1124","66","53","43","135","63","27",".247"
"2019","KCR","2269","5496","6080","1356","873","281","40","162","691","655","456","17","1405","59","42","24","113","117","39",".247"
"2011","FLA","2348","5508","6232","1358","905","274","30","149","625","596","542","38","1244","51","42","89","111","95","41",".247"
"2016","HOU","2334","5545","6204","1367","849","291","29","198","724","689","554","31","1452","47","31","27","134","102","44",".247"
"2019","MIL","2514","5542","6309","1366","820","279","17","250","769","744","629","42","1563","72","38","20","120","101","25",".246"
"2007","CHW","2257","5441","6103","1341","882","249","20","190","693","667","532","33","1149","52","35","41","138","78","45",".246"
"2019","BAL","2386","5596","6189","1379","889","252","25","213","729","698","462","8","1435","71","37","22","111","84","30",".246"
"2010","SDP","2352","5434","6148","1338","946","236","24","132","665","630","538","67","1183","50","46","79","106","124","50",".246"
"2017","OAK","2350","5464","6126","1344","790","305","15","234","739","708","565","15","1491","43","40","13","129","57","22",".246"
"2016","NYM","2430","5459","6115","1342","865","240","19","218","671","649","517","43","1302","62","41","35","124","42","18",".246"
"2016","OAK","2343","5500","6022","1352","892","270","21","169","653","634","442","19","1145","33","34","13","142","50","23",".246"
"2019","PHI","2431","5571","6261","1369","817","311","26","215","774","742","562","47","1453","57","34","34","97","78","18",".246"
"2015","LAA","2459","5417","5990","1331","891","243","21","176","661","621","435","34","1150","58","40","37","116","52","34",".246"
"2014","NYY","2288","5497","6082","1349","929","247","26","147","633","591","452","16","1133","56","47","29","111","112","26",".245"
"2013","PIT","2369","5486","6135","1346","877","273","35","161","634","603","469","41","1330","88","29","62","120","94","42",".245"
"2012","TOR","2289","5487","6094","1346","879","247","22","198","716","677","473","29","1251","55","45","33","109","123","41",".245"
"2018","KCR","2184","5505","6063","1350","883","283","29","155","638","606","427","13","1310","67","40","24","123","117","38",".245"
"2019","STL","2413","5449","6167","1336","856","246","24","210","764","714","561","15","1420","76","39","40","110","116","29",".245"
"2017","TBR","2345","5478","6147","1340","854","226","32","228","694","671","545","33","1538","55","48","16","115","88","34",".245"
"2013","SDP","2359","5517","6122","1349","931","246","26","146","618","578","467","36","1309","52","34","52","100","118","34",".245"
"2015","NYM","2325","5527","6145","1351","862","295","17","177","683","654","488","42","1290","68","32","29","130","51","25",".244"
"2011","PIT","2444","5421","6064","1325","906","277","35","107","610","580","489","31","1308","34","44","75","123","108","52",".244"
"2015","CHC","2406","5491","6200","1341","868","272","30","171","689","657","567","47","1518","74","35","32","102","95","37",".244"
"2017","TEX","2268","5430","6122","1326","813","255","21","237","799","756","544","18","1493","81","39","27","110","113","44",".244"
"2014","OAK","2358","5545","6245","1354","922","253","33","146","729","686","586","34","1104","49","43","19","118","83","20",".244"
"2014","BOS","2283","5551","6226","1355","930","282","20","123","634","601","535","36","1337","68","52","20","138","63","25",".244"
"2012","MIA","2269","5437","6057","1327","890","261","39","137","609","576","484","46","1228","35","40","60","114","149","41",".244"
"2011","OAK","2229","5452","6104","1330","907","280","29","114","645","612","509","20","1094","50","57","34","119","117","43",".244"
"2018","TOR","2435","5477","6076","1336","783","320","16","217","709","680","499","15","1387","58","37","5","118","47","30",".244"
"2017","PIT","2371","5458","6136","1331","895","249","36","151","668","635","519","39","1213","88","28","42","120","67","36",".244"
"2016","MIL","2342","5330","6061","1299","837","249","19","194","671","641","599","34","1543","37","39","53","132","181","56",".244"
"2014","SEA","2333","5450","5977","1328","913","247","32","136","634","600","396","33","1232","60","34","35","113","96","42",".244"
"2019","CIN","2462","5450","6100","1328","839","235","27","227","701","679","492","25","1436","89","33","30","111","80","38",".244"
"2011","TBR","2284","5436","6152","1324","842","273","37","172","707","674","571","31","1193","73","35","37","101","155","62",".244"
"2011","ATL","2322","5528","6169","1345","912","244","16","173","641","606","504","45","1260","28","30","75","113","77","44",".243"
"2016","TBR","2281","5481","6046","1333","797","288","32","216","672","647","449","20","1482","69","28","18","88","60","37",".243"
"2017","LAA","2392","5415","6073","1314","863","251","14","186","710","678","523","30","1198","70","46","17","141","136","44",".243"
"2015","SDP","2396","5457","6019","1324","880","260","36","148","650","623","426","22","1327","40","42","52","108","82","29",".243"
"2012","PIT","2360","5412","6014","1313","865","241","37","170","651","620","444","32","1354","51","45","62","98","73","52",".243"
"2013","NYY","2253","5449","6044","1321","906","247","24","144","650","614","466","33","1214","57","36","36","121","115","31",".242"
"2011","WSN","2341","5441","6090","1319","886","257","22","154","624","594","470","40","1323","65","32","82","103","106","38",".242"
"2009","SDP","2348","5425","6179","1315","878","265","31","141","638","605","586","52","1182","57","36","74","131","82","29",".242"
"2014","PHI","2282","5603","6198","1356","953","251","27","125","619","584","443","42","1306","55","37","59","95","109","26",".242"
"2010","PIT","2327","5386","5974","1303","874","276","27","126","587","570","463","28","1207","33","33","58","119","87","36",".242"
"2013","MIN","2332","5564","6212","1346","895","285","15","151","614","590","533","20","1430","52","32","29","104","52","33",".242"
"2011","SFG","2370","5486","6091","1327","900","282","24","121","570","534","448","47","1122","52","43","62","118","85","51",".242"
"2008","OAK","2282","5451","6138","1318","900","270","23","125","646","610","574","23","1226","48","35","30","126","88","21",".242"
"2014","HOU","2229","5447","6055","1317","895","240","19","163","629","596","495","27","1442","55","36","22","122","122","37",".242"
"2018","LAA","2467","5472","6108","1323","837","249","23","214","721","690","514","38","1300","73","39","7","111","89","22",".242"
"2018","DET","2323","5494","6029","1326","872","284","35","135","630","597","428","18","1341","52","40","15","110","70","30",".241"
"2018","CHW","2348","5523","6071","1332","851","259","40","182","656","639","425","18","1594","66","32","24","99","98","41",".241"
"2014","ATL","2252","5468","6064","1316","931","240","22","123","573","545","472","31","1369","43","27","53","121","95","33",".241"
"2019","MIA","2402","5512","6045","1326","897","265","18","146","615","593","395","16","1469","73","33","31","139","55","30",".241"
"2016","PHI","2348","5434","5992","1306","879","231","35","161","610","575","424","33","1376","58","30","46","111","96","45",".240"
"2019","DET","2316","5549","6039","1333","851","292","41","149","582","556","391","14","1595","48","42","9","108","57","20",".240"
"2017","TOR","2455","5499","6154","1320","824","269","5","222","693","661","542","12","1327","51","35","25","153","53","24",".240"
"2018","TEX","2300","5453","6163","1308","824","266","24","194","737","696","555","16","1484","88","34","33","104","74","35",".240"
"2012","CHC","2341","5411","5967","1297","859","265","36","137","613","570","447","29","1235","43","24","42","125","94","45",".240"
"2012","TBR","2406","5398","6105","1293","838","250","30","175","697","665","571","26","1323","58","42","34","133","134","44",".240"
"2013","HOU","2266","5457","6020","1307","877","266","16","148","610","566","426","17","1535","52","38","46","110","110","61",".240"
"2018","BAL","2313","5507","6034","1317","872","242","15","188","622","593","422","19","1412","57","35","13","132","81","22",".239"
"2018","SFG","2412","5541","6113","1324","906","255","30","133","603","573","448","40","1467","49","42","33","113","77","34",".239"
"2019","SFG","2493","5579","6170","1332","839","300","26","167","678","655","475","26","1435","50","42","24","111","47","28",".239"
"2014","CHC","2358","5508","6102","1315","857","270","31","157","614","590","442","29","1477","54","41","57","94","65","40",".239"
"2014","NYM","2294","5472","6145","1306","887","275","19","125","629","602","516","42","1264","54","44","59","112","101","34",".239"
"2012","OAK","2247","5527","6183","1315","821","267","32","195","713","676","550","29","1387","45","34","27","97","122","32",".238"
"2013","CHC","2294","5498","6079","1307","820","297","18","172","602","576","439","28","1230","67","30","43","120","63","32",".238"
"2014","CIN","2213","5395","5978","1282","877","254","20","131","595","562","415","22","1252","52","37","76","88","122","52",".238"
"2019","SDP","2413","5391","6019","1281","814","224","24","219","682","652","504","19","1581","55","31","37","120","70","37",".238"
"2018","MIA","2434","5488","6083","1303","929","222","24","128","589","554","455","26","1384","73","31","32","119","45","31",".237"
"2019","SEA","2347","5500","6199","1305","784","254","28","239","758","730","588","7","1581","58","37","14","83","115","47",".237"
"2013","SEA","2237","5558","6172","1318","864","249","17","188","624","597","529","21","1353","31","28","26","122","49","23",".237"
"2013","NYM","2378","5559","6207","1318","893","263","32","130","619","593","512","40","1384","51","32","53","106","114","35",".237"
"2011","SDP","2355","5417","6074","1284","904","247","42","91","593","563","501","42","1320","48","47","55","105","170","44",".237"
"2019","TOR","2354","5493","6091","1299","761","270","21","247","726","697","509","10","1514","45","28","14","107","51","20",".236"
"2012","HOU","2421","5407","6014","1276","864","238","28","146","583","545","463","19","1365","58","30","54","114","105","46",".236"
"2010","SEA","2104","5409","5989","1274","930","227","16","101","513","485","459","33","1184","39","40","42","111","142","39",".236"
"2016","SDP","2355","5419","6000","1275","815","257","26","177","686","654","449","30","1500","58","36","36","93","125","45",".235"
"2018","ARI","2409","5460","6157","1283","798","259","50","176","693","658","560","36","1460","52","45","38","110","79","25",".235"
"2018","SDP","2380","5486","6059","1289","847","250","30","162","617","583","471","28","1523","31","36","35","122","95","36",".235"
"2018","NYM","2333","5468","6177","1282","813","265","34","170","676","649","566","36","1404","73","42","28","116","71","39",".234"
"2018","PHI","2474","5424","6136","1270","813","241","30","186","677","653","582","33","1520","64","32","32","102","69","26",".234"
"2012","SEA","2236","5494","6057","1285","868","241","27","149","619","584","466","21","1259","30","35","32","95","104","35",".234"
"2017","SDP","2342","5356","5954","1251","804","227","31","189","604","576","460","20","1499","53","33","52","99","89","33",".234"
"2011","SEA","2090","5421","5972","1263","879","253","22","109","556","534","435","33","1280","37","41","38","82","125","40",".233"
"2013","MIA","2244","5449","6021","1257","912","219","31","95","513","485","432","31","1232","56","26","57","131","78","29",".231"
"2014","SDP","2362","5294","5905","1199","836","224","30","109","535","500","468","27","1294","41","45","56","118","91","34",".226"
